1234567890123, Dupond, Jean, 1970-01-01, 123 Rue de la Paix, dupond@example.com, 0123456789, 2010-05-03, Directeur GÇnÇral, 80000
1234567890124, Fiesta, Maria, 1970-02-15, 456 Avenue des Champs-êlysÇes, fiesta@example.com, 0234567890, 2015-08-12, Directrice Commerciale, 70000
1234567890125, Forge, Antoine, 1970-03-27, 789 Boulevard Saint-Germain, forge@example.com, 0345678901, 2018-10-20, Commercial, 60000
1234567890126, Fermi, Sophie, 1970-04-10, 101 Rue du Faubourg, fermi@example.com, 0456789012, 2019-04-30, Commerciale, 60000
1234567890127, Fetard, Pierre, 1970-05-22, 112 Avenue Montaigne, fetard@example.com, 0567890123, 2020-01-15, Directeur des OpÇrations, 85000
1234567890128, Royal, Catherine, 1970-06-03, 223 Rue de Rivoli, royal@example.com, 0678901234, 2016-12-05, Chef d'êquipe, 55000
1234567890129, Romu, Michel, 1970-07-17, 334 Boulevard Haussmann, romu@example.com, 0789012345, 2017-09-23, Chauffeur, 40000
1234567890130, Romi, Isabelle, 1970-08-28, 445 Rue de la RÇpublique, romi@example.com, 0890123456, 2018-03-11, Chauffeur, 40000
1234567890131, Roma, Laurent, 1970-09-09, 556 Avenue de l'OpÇra, roma@example.com, 0901234567, 2019-06-19, Chauffeur, 40000
1234567890132, Prince, Anne, 1970-10-31, 667 Boulevard des Capucines, prince@example.com, 0012345678, 2015-11-28, Chef d'êquipe, 60000
1234567890133, Rome, Thierry, 1970-11-12, 778 Avenue de la LibertÇ, rome@example.com, 0123456789, 2016-07-02, Chauffeur, 40000
1234567890134, Rimou, Martine, 1970-12-24, 889 Rue de la Victoire, rimou@example.com, 0234567890, 2017-02-14, Chauffeur, 40000
1234567890135, Joyeuse, AmÇlie, 1971-01-05, 900 Boulevard Voltaire, joyeuse@example.com, 0345678901, 2018-05-21, Directrice des Ressources Humaines, 75000
1234567890136, Couleur, Jacques, 1971-02-16, 1001 Avenue de la RÇunion, couleur@example.com, 0456789012, 2019-09-10, Formation, 55000
1234567890137, ToutleMonde, êlodie, 1971-03-28, 1112 Rue de Belleville, toutlemonde@example.com, 0567890123, 2020-11-02, Contrats, 50000
1234567890138, GripSous, Philippe, 1971-04-09, 1223 Boulevard du Temple, gripsous@example.com, 0678901234, 2016-04-15, Directeur Financier, 90000
1234567890139, Picsou, Franáois, 1971-05-21, 1334 Avenue de la Nation, picsou@example.com, 0789012345, 2017-08-23, Direction Comptable, 85000
1234567890140, Fournier, Sophie, 1971-06-02, 1445 Rue de la Paix, fournier@example.com, 0890123456, 2018-10-17, Comptable, 60000
1234567890141, Gautier, Christophe, 1971-07-16, 1556 Avenue Victor Hugo, gautier@example.com, 0901234567, 2019-12-04, Comptable, 60000
1234567890142, GrosSous, Laurent, 1971-08-27, 1667 Boulevard de la Bastille, grossous@example.com, 0012345678, 2020-07-30, Contrìleur de Gestion, 70000
